{"tot_rew": -1.7, "start_date": "10/01/19 12:00:00", "end_date": "10/02/19 00:00:00", "percent": 100.0, "num_days": 0.5, "energy_prod_tot_avg": 2.081786400000001, "energy_used_tot_avg": 3.0685515903179326, "events_detect": 33, "Tot_events": 33, "Death_times": "2"}
{"tot_rew": 0.033999999999999975, "start_date": "10/02/19 00:00:00", "end_date": "10/02/19 12:00:00", "percent": 100.0, "num_days": 0.5, "energy_prod_tot_avg": 5.6457324, "energy_used_tot_avg": 2.623680343010995, "events_detect": 6, "Tot_events": 6, "Death_times": "0"}
{"tot_rew": 0.22099999999999997, "start_date": "10/02/19 12:00:00", "end_date": "10/03/19 00:00:00", "percent": 100.0, "num_days": 0.5, "energy_prod_tot_avg": 5.769580499999998, "energy_used_tot_avg": 3.371176536268097, "events_detect": 28, "Tot_events": 28, "Death_times": "0"}
{"tot_rew": 0.174, "start_date": "10/03/19 00:00:00", "end_date": "10/03/19 12:00:00", "percent": 92.0, "num_days": 0.5, "energy_prod_tot_avg": 6.402519900000004, "energy_used_tot_avg": 3.00404560286394, "events_detect": 23, "Tot_events": 25, "Death_times": "0"}
{"tot_rew": 0.3700000000000001, "start_date": "10/03/19 12:00:00", "end_date": "10/04/19 00:00:00", "percent": 100.0, "num_days": 0.5, "energy_prod_tot_avg": 2.5107489000000003, "energy_used_tot_avg": 3.0195272525639174, "events_detect": 39, "Tot_events": 39, "Death_times": "0"}
{"tot_rew": 0.06799999999999996, "start_date": "10/04/19 00:00:00", "end_date": "10/04/19 12:00:00", "percent": 81.25, "num_days": 0.5, "energy_prod_tot_avg": 5.588035199999999, "energy_used_tot_avg": 2.7289292380708403, "events_detect": 13, "Tot_events": 16, "Death_times": "0"}
{"tot_rew": 0.301, "start_date": "10/04/19 12:00:00", "end_date": "10/05/19 00:00:00", "percent": 100.0, "num_days": 0.5, "energy_prod_tot_avg": 1.8763029000000002, "energy_used_tot_avg": 2.7016197909807804, "events_detect": 31, "Tot_events": 31, "Death_times": "0"}
{"tot_rew": -0.007000000000000028, "start_date": "10/05/19 00:00:00", "end_date": "10/05/19 12:00:00", "percent": 100.0, "num_days": 0.5, "energy_prod_tot_avg": 5.214565800000002, "energy_used_tot_avg": 2.7807746114486456, "events_detect": 4, "Tot_events": 4, "Death_times": "0"}
{"tot_rew": 0.22699999999999998, "start_date": "10/05/19 12:00:00", "end_date": "10/06/19 00:00:00", "percent": 100.0, "num_days": 0.5, "energy_prod_tot_avg": 1.9118475, "energy_used_tot_avg": 2.5514297915223936, "events_detect": 23, "Tot_events": 23, "Death_times": "0"}
{"tot_rew": -0.015000000000000006, "start_date": "10/06/19 00:00:00", "end_date": "10/06/19 12:00:00", "percent": 100, "num_days": 0.5, "energy_prod_tot_avg": 2.4818166, "energy_used_tot_avg": 2.4644881712097235, "events_detect": 0, "Tot_events": 0, "Death_times": "0"}
{"tot_rew": -23.002, "start_date": "10/06/19 12:00:00", "end_date": "10/07/19 00:00:00", "percent": 100, "num_days": 0.5, "energy_prod_tot_avg": 0.3299733000000003, "energy_used_tot_avg": 2.325502114303861, "events_detect": 0, "Tot_events": 0, "Death_times": "23"}
{"tot_rew": 0.07899999999999999, "start_date": "10/07/19 00:00:00", "end_date": "10/07/19 12:00:00", "percent": 100.0, "num_days": 0.5, "energy_prod_tot_avg": 5.823427500000001, "energy_used_tot_avg": 2.7800150672968456, "events_detect": 11, "Tot_events": 11, "Death_times": "0"}
{"tot_rew": 0.269, "start_date": "10/07/19 12:00:00", "end_date": "10/08/19 00:00:00", "percent": 91.67, "num_days": 0.5, "energy_prod_tot_avg": 5.609964600000003, "energy_used_tot_avg": 3.1085228368245006, "events_detect": 33, "Tot_events": 36, "Death_times": "0"}
{"tot_rew": 0.028999999999999984, "start_date": "10/08/19 00:00:00", "end_date": "10/08/19 12:00:00", "percent": 69.23, "num_days": 0.5, "energy_prod_tot_avg": 5.497694999999999, "energy_used_tot_avg": 2.638572165875989, "events_detect": 9, "Tot_events": 13, "Death_times": "0"}
{"tot_rew": 0.17199999999999996, "start_date": "10/08/19 12:00:00", "end_date": "10/09/19 00:00:00", "percent": 75.68, "num_days": 0.5, "energy_prod_tot_avg": 2.5462935000000004, "energy_used_tot_avg": 2.7982513669409825, "events_detect": 28, "Tot_events": 37, "Death_times": "0"}
{"tot_rew": 0.055999999999999994, "start_date": "10/09/19 00:00:00", "end_date": "10/09/19 12:00:00", "percent": 100.0, "num_days": 0.5, "energy_prod_tot_avg": 5.506762499999999, "energy_used_tot_avg": 2.688229679772552, "events_detect": 8, "Tot_events": 8, "Death_times": "0"}
{"tot_rew": 0.03299999999999999, "start_date": "10/09/19 12:00:00", "end_date": "10/10/19 00:00:00", "percent": 57.14, "num_days": 0.5, "energy_prod_tot_avg": 2.229768000000001, "energy_used_tot_avg": 2.7207619350554872, "events_detect": 20, "Tot_events": 35, "Death_times": "0"}
{"tot_rew": 0.073, "start_date": "10/10/19 00:00:00", "end_date": "10/10/19 12:00:00", "percent": 100.0, "num_days": 0.5, "energy_prod_tot_avg": 5.581478700000002, "energy_used_tot_avg": 2.7437573025980155, "events_detect": 10, "Tot_events": 10, "Death_times": "0"}
{"tot_rew": -2.702, "start_date": "10/10/19 12:00:00", "end_date": "10/11/19 00:00:00", "percent": 100.0, "num_days": 0.5, "energy_prod_tot_avg": 1.806999299999999, "energy_used_tot_avg": 2.8072838614537137, "events_detect": 31, "Tot_events": 31, "Death_times": "3"}
{"tot_rew": 0.10399999999999998, "start_date": "10/11/19 00:00:00", "end_date": "10/11/19 12:00:00", "percent": 100.0, "num_days": 0.5, "energy_prod_tot_avg": 5.447140200000001, "energy_used_tot_avg": 2.7064287341125595, "events_detect": 13, "Tot_events": 13, "Death_times": "0"}
{"tot_rew": 0.26799999999999996, "start_date": "10/11/19 12:00:00", "end_date": "10/12/19 00:00:00", "percent": 93.75, "num_days": 0.5, "energy_prod_tot_avg": 3.2083884000000005, "energy_used_tot_avg": 2.797662384151167, "events_detect": 30, "Tot_events": 32, "Death_times": "0"}
{"tot_rew": -0.02300000000000001, "start_date": "10/12/19 00:00:00", "end_date": "10/12/19 12:00:00", "percent": 0.0, "num_days": 0.5, "energy_prod_tot_avg": 2.3249628, "energy_used_tot_avg": 2.3829118460560745, "events_detect": 0, "Tot_events": 1, "Death_times": "0"}
{"tot_rew": 0.13499999999999998, "start_date": "10/12/19 12:00:00", "end_date": "10/13/19 00:00:00", "percent": 74.19, "num_days": 0.5, "energy_prod_tot_avg": 2.3965541999999984, "energy_used_tot_avg": 2.711107970611682, "events_detect": 23, "Tot_events": 31, "Death_times": "0"}
{"tot_rew": -0.003000000000000021, "start_date": "10/13/19 00:00:00", "end_date": "10/13/19 12:00:00", "percent": 80.0, "num_days": 0.5, "energy_prod_tot_avg": 5.1096897000000014, "energy_used_tot_avg": 2.686038037444359, "events_detect": 4, "Tot_events": 5, "Death_times": "0"}
{"tot_rew": 0.145, "start_date": "10/13/19 12:00:00", "end_date": "10/14/19 00:00:00", "percent": 90.0, "num_days": 0.5, "energy_prod_tot_avg": 1.7275400999999997, "energy_used_tot_avg": 2.6219864786392173, "events_detect": 18, "Tot_events": 20, "Death_times": "0"}
{"tot_rew": -0.02000000000000001, "start_date": "10/14/19 00:00:00", "end_date": "10/14/19 12:00:00", "percent": 55.56, "num_days": 0.5, "energy_prod_tot_avg": 5.211301500000002, "energy_used_tot_avg": 2.649800292197508, "events_detect": 5, "Tot_events": 9, "Death_times": "0"}
