{"tot_rew": 2.485000000000011, "start_date": "10/08/19 00:00:00", "end_date": "10/15/19 00:00:00", "percent": 97.82, "num_days": 7, "energy_prod_tot_avg": 1.606503921428573, "energy_used_tot_avg": 1.5658118734733921, "events_detect": 269, "Tot_events": 275, "Death_times": "0"}
{"tot_rew": -102.23700000000001, "start_date": "10/15/19 00:00:00", "end_date": "10/22/19 00:00:00", "percent": 57.31, "num_days": 7, "energy_prod_tot_avg": 1.2115116642857147, "energy_used_tot_avg": 1.223140968108462, "events_detect": 98, "Tot_events": 171, "Death_times": "103"}
{"tot_rew": -10.072999999999992, "start_date": "10/22/19 00:00:00", "end_date": "10/29/19 00:00:00", "percent": 93.56, "num_days": 7, "energy_prod_tot_avg": 1.419113571428572, "energy_used_tot_avg": 1.446809399338889, "events_detect": 218, "Tot_events": 233, "Death_times": "12"}
{"tot_rew": -6.958999999999998, "start_date": "10/29/19 00:00:00", "end_date": "11/05/19 00:00:00", "percent": 96.05, "num_days": 7, "energy_prod_tot_avg": 1.3995596571428564, "energy_used_tot_avg": 1.381016250583416, "events_detect": 219, "Tot_events": 228, "Death_times": "9"}
{"tot_rew": -36.495, "start_date": "11/05/19 00:00:00", "end_date": "11/12/19 00:00:00", "percent": 93.06, "num_days": 7, "energy_prod_tot_avg": 1.2659525357142856, "energy_used_tot_avg": 1.351725189571763, "events_detect": 161, "Tot_events": 173, "Death_times": "38"}
{"tot_rew": -30.601999999999997, "start_date": "11/12/19 00:00:00", "end_date": "11/19/19 00:00:00", "percent": 92.17, "num_days": 7, "energy_prod_tot_avg": 1.3573868142857144, "energy_used_tot_avg": 1.318775568737981, "events_detect": 153, "Tot_events": 166, "Death_times": "32"}
{"tot_rew": 1.8700000000000092, "start_date": "11/19/19 00:00:00", "end_date": "11/26/19 00:00:00", "percent": 92.31, "num_days": 7, "energy_prod_tot_avg": 1.5260981142857146, "energy_used_tot_avg": 1.452854160922864, "events_detect": 216, "Tot_events": 234, "Death_times": "0"}
{"tot_rew": -86.66800000000005, "start_date": "11/26/19 00:00:00", "end_date": "12/03/19 00:00:00", "percent": 87.9, "num_days": 7, "energy_prod_tot_avg": 1.2849006214285719, "energy_used_tot_avg": 1.2955654994332553, "events_detect": 138, "Tot_events": 157, "Death_times": "88"}
