{"tot_rew": 0.274, "start_date": "10/02/19 00:00:00", "end_date": "10/03/19 00:00:00", "percent": 94.12, "num_days": 1, "energy_prod_tot_avg": 2.2243554, "energy_used_tot_avg": 1.4778253664306165, "events_detect": 32, "Tot_events": 34, "Death_times": "0"}
{"tot_rew": 0.4500000000000002, "start_date": "10/03/19 00:00:00", "end_date": "10/04/19 00:00:00", "percent": 87.5, "num_days": 1, "energy_prod_tot_avg": 2.309980500000001, "energy_used_tot_avg": 1.6712581609342745, "events_detect": 56, "Tot_events": 64, "Death_times": "0"}
{"tot_rew": 0.3730000000000001, "start_date": "10/04/19 00:00:00", "end_date": "10/05/19 00:00:00", "percent": 91.49, "num_days": 1, "energy_prod_tot_avg": 1.6796079000000004, "energy_used_tot_avg": 1.476753949090089, "events_detect": 43, "Tot_events": 47, "Death_times": "0"}
{"tot_rew": 0.24699999999999997, "start_date": "10/05/19 00:00:00", "end_date": "10/06/19 00:00:00", "percent": 96.3, "num_days": 1, "energy_prod_tot_avg": 1.4667727500000003, "energy_used_tot_avg": 1.2933972367185598, "events_detect": 26, "Tot_events": 27, "Death_times": "0"}
{"tot_rew": -8.004, "start_date": "10/06/19 00:00:00", "end_date": "10/07/19 00:00:00", "percent": 100, "num_days": 1, "energy_prod_tot_avg": 0.5035392000000001, "energy_used_tot_avg": 1.1225010259782324, "events_detect": 0, "Tot_events": 0, "Death_times": "8"}
{"tot_rew": 0.42000000000000015, "start_date": "10/07/19 00:00:00", "end_date": "10/08/19 00:00:00", "percent": 95.74, "num_days": 1, "energy_prod_tot_avg": 2.3580940500000005, "energy_used_tot_avg": 1.5173627062566206, "events_detect": 45, "Tot_events": 47, "Death_times": "0"}
{"tot_rew": 0.4290000000000001, "start_date": "10/08/19 00:00:00", "end_date": "10/09/19 00:00:00", "percent": 94.0, "num_days": 1, "energy_prod_tot_avg": 1.8672075, "energy_used_tot_avg": 1.4882816789197757, "events_detect": 47, "Tot_events": 50, "Death_times": "0"}
{"tot_rew": 0.3620000000000001, "start_date": "10/09/19 00:00:00", "end_date": "10/10/19 00:00:00", "percent": 93.02, "num_days": 1, "energy_prod_tot_avg": 1.7532220500000004, "energy_used_tot_avg": 1.4035383801512944, "events_detect": 40, "Tot_events": 43, "Death_times": "0"}
{"tot_rew": 0.38200000000000006, "start_date": "10/10/19 00:00:00", "end_date": "10/11/19 00:00:00", "percent": 97.56, "num_days": 1, "energy_prod_tot_avg": 1.58247405, "energy_used_tot_avg": 1.4138678430215688, "events_detect": 40, "Tot_events": 41, "Death_times": "0"}
{"tot_rew": 0.39900000000000013, "start_date": "10/11/19 00:00:00", "end_date": "10/12/19 00:00:00", "percent": 95.56, "num_days": 1, "energy_prod_tot_avg": 1.8826920000000005, "energy_used_tot_avg": 1.4332145084290375, "events_detect": 43, "Tot_events": 45, "Death_times": "0"}
{"tot_rew": -0.022999999999999996, "start_date": "10/12/19 00:00:00", "end_date": "10/13/19 00:00:00", "percent": 46.88, "num_days": 1, "energy_prod_tot_avg": 1.4658381, "energy_used_tot_avg": 1.1988785465293683, "events_detect": 15, "Tot_events": 32, "Death_times": "0"}
{"tot_rew": -0.074, "start_date": "10/13/19 00:00:00", "end_date": "10/14/19 00:00:00", "percent": 36.0, "num_days": 1, "energy_prod_tot_avg": 1.3083007500000003, "energy_used_tot_avg": 1.1585632268731842, "events_detect": 9, "Tot_events": 25, "Death_times": "0"}
{"tot_rew": 0.307, "start_date": "10/14/19 00:00:00", "end_date": "10/15/19 00:00:00", "percent": 89.74, "num_days": 1, "energy_prod_tot_avg": 1.3900477499999997, "energy_used_tot_avg": 1.358139829795814, "events_detect": 35, "Tot_events": 39, "Death_times": "0"}
{"tot_rew": -0.094, "start_date": "10/15/19 00:00:00", "end_date": "10/16/19 00:00:00", "percent": 28.57, "num_days": 1, "energy_prod_tot_avg": 0.8216270999999998, "energy_used_tot_avg": 1.1173380906780925, "events_detect": 6, "Tot_events": 21, "Death_times": "0"}
{"tot_rew": -0.19199999999999998, "start_date": "10/16/19 00:00:00", "end_date": "10/17/19 00:00:00", "percent": 25.64, "num_days": 1, "energy_prod_tot_avg": 0.8351306999999998, "energy_used_tot_avg": 1.0922098064097705, "events_detect": 10, "Tot_events": 39, "Death_times": "0"}
{"tot_rew": 0.10699999999999998, "start_date": "10/17/19 00:00:00", "end_date": "10/18/19 00:00:00", "percent": 87.5, "num_days": 1, "energy_prod_tot_avg": 1.4177245500000002, "energy_used_tot_avg": 1.3035683057375969, "events_detect": 14, "Tot_events": 16, "Death_times": "0"}
{"tot_rew": 0.037999999999999985, "start_date": "10/18/19 00:00:00", "end_date": "10/19/19 00:00:00", "percent": 59.09, "num_days": 1, "energy_prod_tot_avg": 1.05812145, "energy_used_tot_avg": 1.1594986030222953, "events_detect": 13, "Tot_events": 22, "Death_times": "0"}
{"tot_rew": -9.004, "start_date": "10/19/19 00:00:00", "end_date": "10/20/19 00:00:00", "percent": 100, "num_days": 1, "energy_prod_tot_avg": 0.49590855000000006, "energy_used_tot_avg": 1.1384896231056076, "events_detect": 0, "Tot_events": 0, "Death_times": "9"}
{"tot_rew": -0.037999999999999985, "start_date": "10/20/19 00:00:00", "end_date": "10/21/19 00:00:00", "percent": 41.18, "num_days": 1, "energy_prod_tot_avg": 1.8078084, "energy_used_tot_avg": 1.1957136298653552, "events_detect": 7, "Tot_events": 17, "Death_times": "0"}
{"tot_rew": 0.4930000000000001, "start_date": "10/21/19 00:00:00", "end_date": "10/22/19 00:00:00", "percent": 94.64, "num_days": 1, "energy_prod_tot_avg": 1.8704857500000003, "energy_used_tot_avg": 1.4881303729981383, "events_detect": 53, "Tot_events": 56, "Death_times": "0"}
{"tot_rew": 0.28400000000000003, "start_date": "10/22/19 00:00:00", "end_date": "10/23/19 00:00:00", "percent": 87.18, "num_days": 1, "energy_prod_tot_avg": 1.4341437000000001, "energy_used_tot_avg": 1.3650435870486126, "events_detect": 34, "Tot_events": 39, "Death_times": "0"}
{"tot_rew": 0.16299999999999998, "start_date": "10/23/19 00:00:00", "end_date": "10/24/19 00:00:00", "percent": 70.73, "num_days": 1, "energy_prod_tot_avg": 1.9856150999999997, "energy_used_tot_avg": 1.3539044492153112, "events_detect": 29, "Tot_events": 41, "Death_times": "0"}
{"tot_rew": 0.44700000000000006, "start_date": "10/24/19 00:00:00", "end_date": "10/25/19 00:00:00", "percent": 100.0, "num_days": 1, "energy_prod_tot_avg": 1.8624087000000005, "energy_used_tot_avg": 1.520101609292715, "events_detect": 46, "Tot_events": 46, "Death_times": "0"}
{"tot_rew": 0.267, "start_date": "10/25/19 00:00:00", "end_date": "10/26/19 00:00:00", "percent": 91.18, "num_days": 1, "energy_prod_tot_avg": 1.5792516000000005, "energy_used_tot_avg": 1.3899411165980067, "events_detect": 31, "Tot_events": 34, "Death_times": "0"}
{"tot_rew": 0.204, "start_date": "10/26/19 00:00:00", "end_date": "10/27/19 00:00:00", "percent": 92.0, "num_days": 1, "energy_prod_tot_avg": 1.1558412, "energy_used_tot_avg": 1.287308396443924, "events_detect": 23, "Tot_events": 25, "Death_times": "0"}
{"tot_rew": -15.1, "start_date": "10/27/19 00:00:00", "end_date": "10/28/19 00:00:00", "percent": 0.0, "num_days": 1, "energy_prod_tot_avg": 0.2755264500000001, "energy_used_tot_avg": 1.0445131293104073, "events_detect": 0, "Tot_events": 11, "Death_times": "15"}
{"tot_rew": 0.3410000000000001, "start_date": "10/28/19 00:00:00", "end_date": "10/29/19 00:00:00", "percent": 97.3, "num_days": 1, "energy_prod_tot_avg": 1.6866108000000006, "energy_used_tot_avg": 1.4222112598610077, "events_detect": 36, "Tot_events": 37, "Death_times": "0"}
{"tot_rew": 0.30599999999999994, "start_date": "10/29/19 00:00:00", "end_date": "10/30/19 00:00:00", "percent": 97.06, "num_days": 1, "energy_prod_tot_avg": 1.5581034, "energy_used_tot_avg": 1.4070843542460678, "events_detect": 33, "Tot_events": 34, "Death_times": "0"}
{"tot_rew": 0.297, "start_date": "10/30/19 00:00:00", "end_date": "10/31/19 00:00:00", "percent": 96.88, "num_days": 1, "energy_prod_tot_avg": 1.4148648000000004, "energy_used_tot_avg": 1.3271041560137258, "events_detect": 31, "Tot_events": 32, "Death_times": "0"}
{"tot_rew": 0.18500000000000003, "start_date": "10/31/19 00:00:00", "end_date": "11/01/19 00:00:00", "percent": 85.19, "num_days": 1,