{"tot_rew": 2.5120000000000156, "start_date": "10/08/19 00:00:00", "end_date": "10/15/19 00:00:00", "percent": 100.0, "num_days": 7, "energy_prod_tot_avg": 1.6022591357142861, "energy_used_tot_avg": 1.5879730630522906, "events_detect": 275, "Tot_events": 275, "Death_times": "0"}
{"tot_rew": -225.73600000000005, "start_date": "10/15/19 00:00:00", "end_date": "10/22/19 00:00:00", "percent": 19.3, "num_days": 7, "energy_prod_tot_avg": 1.1867783142857145, "energy_used_tot_avg": 1.2645440480150072, "events_detect": 33, "Tot_events": 171, "Death_times": "226"}
{"tot_rew": -23.508, "start_date": "10/22/19 00:00:00", "end_date": "10/29/19 00:00:00", "percent": 84.55, "num_days": 7, "energy_prod_tot_avg": 1.4066622000000002, "energy_used_tot_avg": 1.445778659786578, "events_detect": 197, "Tot_events": 233, "Death_times": "25"}
{"tot_rew": -13.827999999999994, "start_date": "10/29/19 00:00:00", "end_date": "11/05/19 00:00:00", "percent": 77.63, "num_days": 7, "energy_prod_tot_avg": 1.4008570071428568, "energy_used_tot_avg": 1.3837859430889448, "events_detect": 177, "Tot_events": 228, "Death_times": "15"}
{"tot_rew": -54.03699999999999, "start_date": "11/05/19 00:00:00", "end_date": "11/12/19 00:00:00", "percent": 77.46, "num_days": 7, "energy_prod_tot_avg": 1.2791492357142868, "energy_used_tot_avg": 1.3562476586406167, "events_detect": 134, "Tot_events": 173, "Death_times": "55"}
{"tot_rew": -41.545000000000016, "start_date": "11/12/19 00:00:00", "end_date": "11/19/19 00:00:00", "percent": 65.06, "num_days": 7, "energy_prod_tot_avg": 1.3654240071428578, "energy_used_tot_avg": 1.3164577146535403, "events_detect": 108, "Tot_events": 166, "Death_times": "42"}
{"tot_rew": 1.2230000000000014, "start_date": "11/19/19 00:00:00", "end_date": "11/26/19 00:00:00", "percent": 79.91, "num_days": 7, "energy_prod_tot_avg": 1.4906033357142867, "energy_used_tot_avg": 1.4586697856093591, "events_detect": 187, "Tot_events": 234, "Death_times": "0"}
{"tot_rew": -42.61399999999996, "start_date": "11/26/19 00:00:00", "end_date": "12/03/19 00:00:00", "percent": 61.78, "num_days": 7, "energy_prod_tot_avg": 1.301804035714286, "energy_used_tot_avg": 1.2829930931971005, "events_detect": 97, "Tot_events": 157, "Death_times": "43"}
